,source,target,value,year
0,2,15,7.34,2014
1,0,15,2.42,2014
2,1,15,6.24,2014
3,3,15,8.23,2014
4,2,15,7.36,2015
5,0,15,2.48,2015
6,1,15,6.63,2015
7,3,15,8.46,2015
8,2,15,7.61,2016
9,0,15,2.43,2016
10,1,15,6.92,2016
11,3,15,8.6,2016
12,2,15,7.63,2017
13,0,15,2.64,2017
14,1,15,6.96,2017
15,3,15,8.72,2017
16,2,15,7.56,2018
17,0,15,2.58,2018
18,1,15,6.53,2018
19,3,15,8.84,2018
20,2,15,7.54,2019
21,0,15,2.64,2019
22,1,15,6.69,2019
23,3,15,8.83,2019
24,2,14,7.25,2020
25,0,14,2.43,2020
26,1,14,6.96,2020
27,3,14,7.71,2020
28,2,13,7.5,2021
29,0,13,2.62,2021
30,1,13,7.75,2021
31,3,13,7.97,2021
32,2,13,7.5,2022
33,0,13,2.49,2022
34,1,13,6.89,2022
35,3,13,7.55,2022
36,2,12,6.94,2023
37,0,12,2.42,2023
38,1,12,6.58,2023
39,3,12,7.39,2023
40,2,13,10.56,2014
41,0,13,4.23,2014
42,1,13,7.45,2014
43,3,13,8.53,2014
44,2,13,10.57,2015
45,0,13,4.6,2015
46,1,13,8.23,2015
47,3,13,8.91,2015
48,2,13,10.63,2016
49,0,13,4.62,2016
50,1,13,8.26,2016
51,3,13,9.01,2016
52,2,13,10.45,2017
53,0,13,4.61,2017
54,1,13,8.13,2017
55,3,13,8.86,2017
56,2,13,10.68,2018
57,0,13,4.62,2018
58,1,13,8.04,2018
59,3,13,8.9,2018
60,2,13,10.69,2019
61,0,13,4.44,2019
62,1,13,7.5,2019
63,3,13,8.84,2019
64,2,12,10.32,2020
65,0,12,4.3,2020
66,1,12,7.58,2020
67,3,12,7.75,2020
68,2,11,10.83,2021
69,0,11,4.5,2021
70,1,11,8.21,2021
71,3,11,8.56,2021
72,2,11,9.8,2022
73,0,11,3.98,2022
74,1,11,7.05,2022
75,3,11,8.69,2022
76,2,11,9.27,2023
77,0,11,3.83,2023
78,1,11,6.96,2023
79,3,11,8.88,2023
80,2,17,6.33,2014
81,0,17,2.92,2014
82,1,17,6.55,2014
83,3,17,5.95,2014
84,2,16,6.48,2015
85,0,16,2.98,2015
86,1,16,6.77,2015
87,3,16,6.2,2015
88,2,16,6.41,2016
89,0,16,3.09,2016
90,1,16,7.09,2016
91,3,16,6.42,2016
92,2,16,6.73,2017
93,0,16,3.18,2017
94,1,16,7.2,2017
95,3,16,6.62,2017
96,2,17,6.7,2018
97,0,17,3.13,2018
98,1,17,7.04,2018
99,3,17,6.66,2018
100,2,17,6.62,2019
101,0,17,3.19,2019
102,1,17,6.96,2019
103,3,17,6.78,2019
104,2,15,6.57,2020
105,0,15,2.99,2020
106,1,15,7.15,2020
107,3,15,6.38,2020
108,2,14,7.01,2021
109,0,14,2.97,2021
110,1,14,7.86,2021
111,3,14,6.75,2021
112,2,14,6.56,2022
113,0,14,2.89,2022
114,1,14,7.16,2022
115,3,14,6.89,2022
116,2,14,5.96,2023
117,0,14,2.69,2023
118,1,14,6.42,2023
119,3,14,7.03,2023
120,2,4,55.73,2014
121,0,4,30.77,2014
122,1,4,53.65,2014
123,3,4,55.45,2014
124,2,4,56.07,2015
125,0,4,32.29,2015
126,1,4,54.96,2015
127,3,4,55.14,2015
128,2,4,56.68,2016
129,0,4,31.87,2016
130,1,4,56.96,2016
131,3,4,56.56,2016
132,2,4,57.15,2017
133,0,4,31.84,2017
134,1,4,56.78,2017
135,3,4,57.25,2017
136,2,4,57.09,2018
137,0,4,28.89,2018
138,1,4,55.82,2018
139,3,4,55.47,2018
140,2,4,55.65,2019
141,0,4,27.53,2019
142,1,4,57.74,2019
143,3,4,56.22,2019
144,2,4,54.76,2020
145,0,4,26.84,2020
146,1,4,57.98,2020
147,3,4,51.0,2020
148,2,4,56.21,2021
149,0,4,30.01,2021
150,1,4,57.67,2021
151,3,4,49.9,2021
152,2,4,53.01,2022
153,0,4,24.74,2022
154,1,4,57.43,2022
155,3,4,50.73,2022
156,2,4,50.07,2023
157,0,4,23.93,2023
158,1,4,53.08,2023
159,3,4,48.9,2023
160,2,18,2.46,2023
161,0,18,2.11,2023
162,1,18,3.77,2023
163,3,18,6.13,2023
164,2,9,19.32,2014
165,0,9,8.93,2014
166,1,9,14.79,2014
167,3,9,28.43,2014
168,2,9,19.42,2015
169,0,9,9.51,2015
170,1,9,15.27,2015
171,3,9,29.44,2015
172,2,9,20.65,2016
173,0,9,9.83,2016
174,1,9,14.33,2016
175,3,9,30.63,2016
176,2,9,21.13,2017
177,0,9,10.13,2017
178,1,9,14.39,2017
179,3,9,31.75,2017
180,2,9,21.26,2018
181,0,9,10.29,2018
182,1,9,15.18,2018
183,3,9,32.51,2018
184,2,9,21.35,2019
185,0,9,10.35,2019
186,1,9,14.45,2019
187,3,9,32.92,2019
188,2,8,19.65,2020
189,0,8,9.56,2020
190,1,8,14.56,2020
191,3,8,26.06,2020
192,2,8,20.83,2021
193,0,8,10.08,2021
194,1,8,14.71,2021
195,3,8,30.35,2021
196,2,8,18.76,2022
197,0,8,10.09,2022
198,1,8,14.21,2022
199,3,8,32.48,2022
200,2,7,18.48,2023
201,0,7,10.23,2023
202,1,7,13.86,2023
203,3,7,32.2,2023
204,2,16,10.22,2014
205,0,16,2.89,2014
206,1,16,5.13,2014
207,3,16,4.11,2014
208,2,17,10.16,2015
209,0,17,2.74,2015
210,1,17,4.95,2015
211,3,17,4.11,2015
212,2,17,10.5,2016
213,0,17,2.89,2016
214,1,17,5.34,2016
215,3,17,4.18,2016
216,2,17,10.7,2017
217,0,17,2.96,2017
218,1,17,5.76,2017
219,3,17,4.19,2017
220,2,16,11.04,2018
221,0,16,3.08,2018
222,1,16,5.69,2018
223,3,16,4.24,2018
224,2,16,10.98,2019
225,0,16,3.02,2019
226,1,16,5.63,2019
227,3,16,4.18,2019
228,2,17,10.26,2020
229,0,17,2.78,2020
230,1,17,5.28,2020
231,3,17,3.88,2020
232,2,16,10.76,2021
233,0,16,3.08,2021
234,1,16,5.96,2021
235,3,16,4.02,2021
236,2,16,9.74,2022
237,0,16,2.97,2022
238,1,16,5.6,2022
239,3,16,3.86,2022
240,2,15,9.29,2023
241,0,15,2.9,2023
242,1,15,5.53,2023
243,3,15,3.77,2023
244,2,5,27.86,2014
245,0,5,21.62,2014
246,1,5,37.48,2014
247,3,5,45.61,2014
248,2,5,27.48,2015
249,0,5,22.35,2015
250,1,5,39.84,2015
251,3,5,46.19,2015
252,2,5,28.07,2016
253,0,5,22.02,2016
254,1,5,42.42,2016
255,3,5,46.41,2016
256,2,5,27.09,2017
257,0,5,22.62,2017
258,1,5,41.53,2017
259,3,5,46.67,2017
260,2,5,27.12,2018
261,0,5,22.45,2018
262,1,5,40.4,2018
263,3,5,45.93,2018
264,2,5,26.8,2019
265,0,5,21.92,2019
266,1,5,40.34,2019
267,3,5,45.65,2019
268,2,5,24.61,2020
269,0,5,20.69,2020
270,1,5,38.99,2020
271,3,5,38.39,2020
272,2,5,26.59,2021
273,0,5,21.62,2021
274,1,5,42.66,2021
275,3,5,43.59,2021
276,2,5,25.42,2022
277,0,5,20.66,2022
278,1,5,37.31,2022
279,3,5,45.09,2022
280,2,5,24.1,2023
281,0,5,18.93,2023
282,1,5,35.92,2023
283,3,5,44.1,2023
284,2,18,4.73,2021
285,0,18,2.07,2021
286,1,18,6.37,2021
287,3,18,4.9,2021
288,2,18,4.3,2022
289,0,18,1.91,2022
290,1,18,5.82,2022
291,3,18,5.28,2022
292,2,16,4.0,2023
293,0,16,1.64,2023
294,1,16,5.37,2023
295,3,16,4.93,2023
296,2,7,24.74,2014
297,0,7,14.67,2014
298,1,7,29.55,2014
299,3,7,37.01,2014
300,2,7,24.85,2015
301,0,7,15.39,2015
302,1,7,32.49,2015
303,3,7,36.37,2015
304,2,7,25.09,2016
305,0,7,15.44,2016
306,1,7,32.19,2016
307,3,7,35.81,2016
308,2,7,24.93,2017
309,0,7,18.24,2017
310,1,7,32.9,2017
311,3,7,34.53,2017
312,2,7,24.66,2018
313,0,7,19.0,2018
314,1,7,31.91,2018
315,3,7,35.58,2018
316,2,7,24.93,2019
317,0,7,18.19,2019
318,1,7,31.14,2019
319,3,7,35.86,2019
320,2,6,23.86,2020
321,0,6,16.56,2020
322,1,6,30.66,2020
323,3,6,28.98,2020
324,2,6,26.44,2021
325,0,6,16.81,2021
326,1,6,33.39,2021
327,3,6,34.8,2021
328,2,6,24.63,2022
329,0,6,16.14,2022
330,1,6,30.04,2022
331,3,6,36.68,2022
332,2,6,23.4,2023
333,0,6,16.6,2023
334,1,6,27.59,2023
335,3,6,37.72,2023
336,2,12,13.08,2014
337,0,12,6.5,2014
338,1,12,9.12,2014
339,3,12,9.92,2014
340,2,12,13.13,2015
341,0,12,6.83,2015
342,1,12,9.54,2015
343,3,12,9.97,2015
344,2,12,13.78,2016
345,0,12,6.85,2016
346,1,12,9.82,2016
347,3,12,9.96,2016
348,2,12,13.75,2017
349,0,12,6.96,2017
350,1,12,9.59,2017
351,3,12,10.31,2017
352,2,12,13.64,2018
353,0,12,6.91,2018
354,1,12,9.56,2018
355,3,12,10.56,2018
356,2,12,13.26,2019
357,0,12,6.7,2019
358,1,12,9.33,2019
359,3,12,10.55,2019
360,2,11,13.27,2020
361,0,11,6.38,2020
362,1,11,9.11,2020
363,3,11,8.99,2020
364,2,10,13.29,2021
365,0,10,6.67,2021
366,1,10,10.09,2021
367,3,10,9.13,2021
368,2,10,12.25,2022
369,0,10,6.3,2022
370,1,10,8.58,2022
371,3,10,9.1,2022
372,2,9,11.64,2023
373,0,9,6.15,2023
374,1,9,7.71,2023
375,3,9,9.5,2023
376,2,18,6.35,2020
377,0,18,3.05,2020
378,1,18,4.57,2020
379,3,18,4.8,2020
380,2,17,6.67,2021
381,0,17,3.23,2021
382,1,17,4.82,2021
383,3,17,5.0,2021
384,2,17,6.44,2022
385,0,17,3.11,2022
386,1,17,4.43,2022
387,3,17,5.17,2022
388,2,10,14.15,2014
389,0,10,7.79,2014
390,1,10,19.03,2014
391,3,10,15.8,2014
392,2,10,14.1,2015
393,0,10,7.84,2015
394,1,10,19.03,2015
395,3,10,16.56,2015
396,2,10,14.65,2016
397,0,10,8.5,2016
398,1,10,19.89,2016
399,3,10,18.56,2016
400,2,10,15.82,2017
401,0,10,8.04,2017
402,1,10,20.06,2017
403,3,10,21.42,2017
404,2,10,16.33,2018
405,0,10,7.93,2018
406,1,10,22.56,2018
407,3,10,22.32,2018
408,2,10,16.49,2019
409,0,10,7.81,2019
410,1,10,20.99,2019
411,3,10,22.75,2019
412,2,9,15.92,2020
413,0,9,7.56,2020
414,1,9,21.1,2020
415,3,9,21.73,2020
416,2,9,16.27,2021
417,0,9,8.39,2021
418,1,9,22.15,2021
419,3,9,23.51,2021
420,2,9,15.07,2022
421,0,9,8.14,2022
422,1,9,20.67,2022
423,3,9,23.86,2022
424,2,8,14.03,2023
425,0,8,8.1,2023
426,1,8,19.89,2023
427,3,8,23.72,2023
428,2,17,4.31,2023
429,0,17,2.42,2023
430,1,17,3.02,2023
431,3,17,6.17,2023
432,2,18,6.43,2014
433,0,18,1.77,2014
434,1,18,7.41,2014
435,3,18,5.27,2014
436,2,18,6.42,2015
437,0,18,1.76,2015
438,1,18,7.38,2015
439,3,18,5.34,2015
440,2,18,6.26,2016
441,0,18,1.81,2016
442,1,18,7.41,2016
443,3,18,5.74,2016
444,2,18,6.44,2017
445,0,18,1.86,2017
446,1,18,7.73,2017
447,3,18,6.15,2017
448,2,18,6.61,2018
449,0,18,1.98,2018
450,1,18,7.78,2018
451,3,18,6.3,2018
452,2,18,6.66,2019
453,0,18,1.96,2019
454,1,18,7.75,2019
455,3,18,6.57,2019
456,2,16,6.44,2020
457,0,16,1.83,2020
458,1,16,8.01,2020
459,3,16,6.46,2020
460,2,15,6.86,2021
461,0,15,1.85,2021
462,1,15,8.76,2021
463,3,15,6.88,2021
464,2,15,5.74,2022
465,0,15,1.91,2022
466,1,15,7.89,2022
467,3,15,7.44,2022
468,2,13,4.96,2023
469,0,13,2.05,2023
470,1,13,7.55,2023
471,3,13,7.7,2023
472,2,14,10.8,2014
473,0,14,3.96,2014
474,1,14,7.23,2014
475,3,14,7.15,2014
476,2,14,11.02,2015
477,0,14,4.02,2015
478,1,14,7.41,2015
479,3,14,7.3,2015
480,2,14,10.97,2016
481,0,14,4.22,2016
482,1,14,7.66,2016
483,3,14,7.22,2016
484,2,14,10.92,2017
485,0,14,3.99,2017
486,1,14,7.7,2017
487,3,14,7.31,2017
488,2,14,11.01,2018
489,0,14,4.12,2018
490,1,14,7.49,2018
491,3,14,7.13,2018
492,2,14,10.89,2019
493,0,14,4.02,2019
494,1,14,7.36,2019
495,3,14,7.03,2019
496,2,13,11.15,2020
497,0,13,4.01,2020
498,1,13,7.18,2020
499,3,13,6.61,2020
500,2,12,11.12,2021
501,0,12,4.26,2021
502,1,12,7.88,2021
503,3,12,6.82,2021
504,2,12,11.05,2022
505,0,12,4.21,2022
506,1,12,7.06,2022
507,3,12,6.58,2022
508,2,10,11.35,2023
509,0,10,4.17,2023
510,1,10,7.05,2023
511,3,10,6.49,2023
512,2,8,25.1,2014
513,0,8,11.02,2014
514,1,8,19.17,2014
515,3,8,20.97,2014
516,2,8,26.11,2015
517,0,8,12.19,2015
518,1,8,20.15,2015
519,3,8,24.5,2015
520,2,8,26.33,2016
521,0,8,12.42,2016
522,1,8,20.71,2016
523,3,8,27.03,2016
524,2,8,32.12,2017
525,0,8,13.57,2017
526,1,8,22.17,2017
527,3,8,28.31,2017
528,2,8,32.33,2018
529,0,8,12.55,2018
530,1,8,20.56,2018
531,3,8,28.61,2018
532,2,8,30.49,2019
533,0,8,13.97,2019
534,1,8,21.56,2019
535,3,8,28.39,2019
536,2,7,32.58,2020
537,0,7,13.88,2020
538,1,7,23.03,2020
539,3,7,26.66,2020
540,2,7,36.75,2021
541,0,7,11.39,2021
542,1,7,26.42,2021
543,3,7,30.14,2021
544,2,7,32.18,2022
545,0,7,12.22,2022
546,1,7,26.5,2022
547,3,7,30.49,2022
548,2,11,20.57,2014
549,0,11,4.66,2014
550,1,11,20.36,2014
551,3,11,10.3,2014
552,2,11,16.38,2015
553,0,11,3.89,2015
554,1,11,16.55,2015
555,3,11,8.72,2015
556,2,11,15.51,2016
557,0,11,4.67,2016
558,1,11,17.35,2016
559,3,11,9.13,2016
560,2,11,15.09,2017
561,0,11,4.34,2017
562,1,11,16.48,2017
563,3,11,9.59,2017
564,2,11,16.42,2018
565,0,11,4.72,2018
566,1,11,15.99,2018
567,3,11,9.42,2018
568,2,11,16.13,2019
569,0,11,4.83,2019
570,1,11,14.02,2019
571,3,11,10.03,2019
572,2,10,15.98,2020
573,0,10,4.87,2020
574,1,10,13.65,2020
575,3,10,8.02,2020
576,2,6,22.97,2014
577,0,6,15.52,2014
578,1,6,35.81,2014
579,3,6,40.11,2014
580,2,6,23.06,2015
581,0,6,16.84,2015
582,1,6,37.26,2015
583,3,6,40.89,2015
584,2,6,21.3,2016
585,0,6,18.09,2016
586,1,6,37.97,2016
587,3,6,41.82,2016
588,2,6,21.63,2017
589,0,6,17.94,2017
590,1,6,36.77,2017
591,3,6,41.93,2017
592,2,6,21.69,2018
593,0,6,18.22,2018
594,1,6,38.31,2018
595,3,6,41.76,2018
596,2,6,21.12,2019
597,0,6,18.08,2019
598,1,6,38.13,2019
599,3,6,41.46,2019
600,15,29,0.34,2014
601,15,21,0.08,2014
602,15,19,5.18,2014
603,15,22,4.38,2014
604,15,20,1.6,2014
605,15,24,,2014
606,15,25,8.88,2014
607,15,27,0.0,2014
608,15,28,4.06,2014
609,15,26,0.0,2014
610,15,23,0.24,2014
611,15,29,0.35,2015
612,15,21,0.08,2015
613,15,19,5.26,2015
614,15,22,4.56,2015
615,15,20,1.66,2015
616,15,24,,2015
617,15,25,9.07,2015
618,15,27,0.0,2015
619,15,28,4.25,2015
620,15,26,0.0,2015
621,15,23,0.24,2015
622,15,29,0.36,2016
623,15,21,0.1,2016
624,15,19,5.34,2016
625,15,22,4.73,2016
626,15,20,1.73,2016
627,15,24,,2016
628,15,25,9.28,2016
629,15,27,0.0,2016
630,15,28,4.29,2016
631,15,26,0.0,2016
632,15,23,0.27,2016
633,15,29,0.33,2017
634,15,21,0.1,2017
635,15,19,5.42,2017
636,15,22,4.79,2017
637,15,20,1.8,2017
638,15,24,,2017
639,15,25,9.49,2017
640,15,27,0.0,2017
641,15,28,4.3,2017
642,15,26,0.0,2017
643,15,23,0.26,2017
644,15,29,0.31,2018
645,15,21,0.09,2018
646,15,19,5.46,2018
647,15,22,4.66,2018
648,15,20,1.71,2018
649,15,24,,2018
650,15,25,9.45,2018
651,15,27,0.0,2018
652,15,28,4.1,2018
653,15,26,0.0,2018
654,15,23,0.27,2018
655,15,29,0.31,2019
656,15,21,0.1,2019
657,15,19,5.46,2019
658,15,22,4.78,2019
659,15,20,1.7,2019
660,15,24,,2019
661,15,25,9.47,2019
662,15,27,0.0,2019
663,15,28,4.16,2019
664,15,26,0.0,2019
665,15,23,0.24,2019
666,14,29,0.34,2020
667,14,21,0.08,2020
668,14,19,5.29,2020
669,14,22,4.69,2020
670,14,20,1.72,2020
671,14,24,,2020
672,14,25,8.44,2020
673,14,27,0.0,2020
674,14,28,4.06,2020
675,14,26,0.0,2020
676,14,23,0.25,2020
677,13,29,0.24,2021
678,13,21,0.11,2021
679,13,19,5.54,2021
680,13,22,4.94,2021
681,13,20,1.88,2021
682,13,24,,2021
683,13,25,8.83,2021
684,13,27,0.0,2021
685,13,28,4.61,2021
686,13,26,0.0,2021
687,13,23,0.25,2021
688,13,29,0.24,2022
689,13,21,0.1,2022
690,13,19,5.48,2022
691,13,22,4.36,2022
692,13,20,1.7,2022
693,13,24,,2022
694,13,25,8.4,2022
695,13,27,0.0,2022
696,13,28,4.43,2022
697,13,26,0.0,2022
698,13,23,0.29,2022
699,12,29,0.23,2023
700,12,21,0.1,2023
701,12,19,5.32,2023
702,12,22,3.87,2023
703,12,20,1.63,2023
704,12,24,,2023
705,12,25,7.96,2023
706,12,27,0.0,2023
707,12,28,4.52,2023
708,12,26,0.0,2023
709,12,23,0.24,2023
710,13,29,0.49,2014
711,13,21,0.18,2014
712,13,19,6.92,2014
713,13,22,8.34,2014
714,13,20,0.49,2014
715,13,24,,2014
716,13,25,13.21,2014
717,13,27,0.0,2014
718,13,28,1.74,2014
719,13,26,0.0,2014
720,13,23,0.18,2014
721,13,29,0.51,2015
722,13,21,0.16,2015
723,13,19,6.97,2015
724,13,22,8.95,2015
725,13,20,0.49,2015
726,13,24,,2015
727,13,25,14.19,2015
728,13,27,0.0,2015
729,13,28,1.69,2015
730,13,26,0.0,2015
731,13,23,0.17,2015
732,13,29,0.49,2016
733,13,21,0.16,2016
734,13,19,7.0,2016
735,13,22,9.32,2016
736,13,20,0.47,2016
737,13,24,,2016
738,13,25,13.82,2016
739,13,27,0.0,2016
740,13,28,1.96,2016
741,13,26,0.0,2016
742,13,23,0.17,2016
743,13,29,0.48,2017
744,13,21,0.17,2017
745,13,19,6.99,2017
746,13,22,9.46,2017
747,13,20,0.39,2017
748,13,24,,2017
749,13,25,13.33,2017
750,13,27,0.0,2017
751,13,28,1.97,2017
752,13,26,0.0,2017
753,13,23,0.13,2017
754,13,29,0.49,2018
755,13,21,0.17,2018
756,13,19,7.04,2018
757,13,22,9.53,2018
758,13,20,0.43,2018
759,13,24,,2018
760,13,25,13.35,2018
761,13,27,0.0,2018
762,13,28,1.99,2018
763,13,26,0.0,2018
764,13,23,0.15,2018
765,13,29,0.47,2019
766,13,21,0.15,2019
767,13,19,6.94,2019
768,13,22,9.47,2019
769,13,20,0.45,2019
770,13,24,,2019
771,13,25,12.81,2019
772,13,27,0.0,2019
773,13,28,1.97,2019
774,13,26,0.0,2019
775,13,23,0.16,2019
776,12,29,0.38,2020
777,12,21,0.14,2020
778,12,19,6.72,2020
779,12,22,9.08,2020
780,12,20,0.44,2020
781,12,24,,2020
782,12,25,11.83,2020
783,12,27,0.0,2020
784,12,28,2.13,2020
785,12,26,0.0,2020
786,12,23,0.15,2020
787,11,29,0.41,2021
788,11,21,0.18,2021
789,11,19,6.87,2021
790,11,22,10.15,2021
791,11,20,0.46,2021
792,11,24,,2021
793,11,25,12.37,2021
794,11,27,0.0,2021
795,11,28,2.45,2021
796,11,26,0.0,2021
797,11,23,0.15,2021
798,11,29,0.33,2022
799,11,21,0.15,2022
800,11,19,6.55,2022
801,11,22,8.32,2022
802,11,20,0.4,2022
803,11,24,,2022
804,11,25,12.0,2022
805,11,27,0.0,2022
806,11,28,2.48,2022
807,11,26,0.0,2022
808,11,23,0.15,2022
809,11,29,0.28,2023
810,11,21,0.16,2023
811,11,19,6.36,2023
812,11,22,8.12,2023
813,11,20,0.34,2023
814,11,24,,2023
815,11,25,11.91,2023
816,11,27,0.0,2023
817,11,28,2.52,2023
818,11,26,0.0,2023
819,11,23,0.14,2023
820,17,29,1.6,2014
821,17,21,0.32,2014
822,17,19,4.58,2014
823,17,22,4.81,2014
824,17,20,2.01,2014
825,17,24,,2014
826,17,25,6.15,2014
827,17,27,0.0,2014
828,17,28,2.78,2014
829,17,26,0.0,2014
830,17,23,0.2,2014
831,16,29,1.57,2015
832,16,21,0.31,2015
833,16,19,4.68,2015
834,16,22,5.02,2015
835,16,20,2.03,2015
836,16,24,,2015
837,16,25,6.42,2015
838,16,27,0.0,2015
839,16,28,2.83,2015
840,16,26,0.0,2015
841,16,23,0.22,2015
842,16,29,1.56,2016
843,16,21,0.3,2016
844,16,19,4.8,2016
845,16,22,5.28,2016
846,16,20,2.11,2016
847,16,24,,2016
848,16,25,6.48,2016
849,16,27,0.0,2016
850,16,28,2.91,2016
851,16,26,0.0,2016
852,16,23,0.25,2016
853,16,29,1.75,2017
854,16,21,0.28,2017
855,16,19,4.94,2017
856,16,22,5.53,2017
857,16,20,2.14,2017
858,16,24,,2017
859,16,25,6.63,2017
860,16,27,0.0,2017
861,16,28,2.93,2017
862,16,26,0.0,2017
863,16,23,0.24,2017
864,17,29,1.66,2018
865,17,21,0.32,2018
866,17,19,5.0,2018
867,17,22,5.17,2018
868,17,20,2.07,2018
869,17,24,,2018
870,17,25,6.7,2018
871,17,27,0.0,2018
872,17,28,3.0,2018
873,17,26,0.0,2018
874,17,23,0.28,2018
875,17,29,1.44,2019
876,17,21,0.27,2019
877,17,19,5.02,2019
878,17,22,5.19,2019
879,17,20,2.03,2019
880,17,24,,2019
881,17,25,6.75,2019
882,17,27,0.0,2019
883,17,28,3.24,2019
884,17,26,0.0,2019
885,17,23,0.3,2019
886,15,29,1.41,2020
887,15,21,0.27,2020
888,15,19,4.91,2020
889,15,22,5.16,2020
890,15,20,1.98,2020
891,15,24,,2020
892,15,25,6.36,2020
893,15,27,0.0,2020
894,15,28,3.38,2020
895,15,26,0.0,2020
896,15,23,0.3,2020
897,14,29,1.43,2021
898,14,21,0.31,2021
899,14,19,5.16,2021
900,14,22,5.5,2021
901,14,20,2.15,2021
902,14,24,,2021
903,14,25,6.79,2021
904,14,27,0.0,2021
905,14,28,3.65,2021
906,14,26,0.0,2021
907,14,23,0.3,2021
908,14,29,1.39,2022
909,14,21,0.27,2022
910,14,19,4.98,2022
911,14,22,4.72,2022
912,14,20,1.97,2022
913,14,24,,2022
914,14,25,6.94,2022
915,14,27,0.0,2022
916,14,28,3.58,2022
917,14,26,0.0,2022
918,14,23,0.29,2022
919,14,29,1.1,2023
920,14,21,0.19,2023
921,14,19,4.79,2023
922,14,22,4.21,2023
923,14,20,1.73,2023
924,14,24,,2023
925,14,25,7.11,2023
926,14,27,0.0,2023
927,14,28,3.38,2023
928,14,26,0.0,2023
929,14,23,0.23,2023
930,4,29,4.08,2014
931,4,21,2.33,2014
932,4,19,44.0,2014
933,4,22,47.43,2014
934,4,20,9.15,2014
935,4,24,,2014
936,4,25,73.69,2014
937,4,27,0.0,2014
938,4,28,15.53,2014
939,4,26,0.0,2014
940,4,23,1.02,2014
941,4,29,4.75,2015
942,4,21,2.46,2015
943,4,19,44.28,2015
944,4,22,49.3,2015
945,4,20,9.59,2015
946,4,24,,2015
947,4,25,73.04,2015
948,4,27,0.0,2015
949,4,28,15.58,2015
950,4,26,0.0,2015
951,4,23,1.03,2015
952,4,29,4.63,2016
953,4,21,2.23,2016
954,4,19,44.5,2016
955,4,22,52.42,2016
956,4,20,9.78,2016
957,4,24,,2016
958,4,25,73.58,2016
959,4,27,0.0,2016
960,4,28,15.39,2016
961,4,26,0.0,2016
962,4,23,1.13,2016
963,4,29,4.55,2017
964,4,21,2.19,2017
965,4,19,44.62,2017
966,4,22,52.77,2017
967,4,20,9.81,2017
968,4,24,,2017
969,4,25,73.66,2017
970,4,27,0.0,2017
971,4,28,15.78,2017
972,4,26,0.0,2017
973,4,23,1.13,2017
974,4,29,3.76,2018
975,4,21,2.49,2018
976,4,19,43.8,2018
977,4,22,53.2,2018
978,4,20,9.57,2018
979,4,24,,2018
980,4,25,70.16,2018
981,4,27,0.0,2018
982,4,28,16.46,2018
983,4,26,0.0,2018
984,4,23,1.24,2018
985,4,29,3.42,2019
986,4,21,2.32,2019
987,4,19,42.69,2019
988,4,22,52.36,2019
989,4,20,9.64,2019
990,4,24,,2019
991,4,25,72.45,2019
992,4,27,0.0,2019
993,4,28,16.65,2019
994,4,26,0.0,2019
995,4,23,1.27,2019
996,4,29,3.58,2020
997,4,21,2.14,2020
998,4,19,41.46,2020
999,4,22,52.06,2020
1000,4,20,8.94,2020
1001,4,24,,2020
1002,4,25,67.6,2020
1003,4,27,0.0,2020
1004,4,28,17.16,2020
1005,4,26,0.0,2020
1006,4,23,1.3,2020
1007,4,29,3.18,2021
1008,4,21,2.12,2021
1009,4,19,42.97,2021
1010,4,22,57.15,2021
1011,4,20,9.83,2021
1012,4,24,,2021
1013,4,25,63.03,2021
1014,4,27,0.0,2021
1015,4,28,17.99,2021
1016,4,26,0.0,2021
1017,4,23,1.29,2021
1018,4,29,3.6,2022
1019,4,21,2.15,2022
1020,4,19,41.03,2022
1021,4,22,49.72,2022
1022,4,20,8.92,2022
1023,4,24,,2022
1024,4,25,64.19,2022
1025,4,27,0.0,2022
1026,4,28,18.86,2022
1027,4,26,0.0,2022
1028,4,23,1.24,2022
1029,4,29,3.12,2023
1030,4,21,2.32,2023
1031,4,19,39.0,2023
1032,4,22,46.48,2023
1033,4,20,8.51,2023
1034,4,24,,2023
1035,4,25,61.59,2023
1036,4,27,0.0,2023
1037,4,28,17.49,2023
1038,4,26,0.0,2023
1039,4,23,1.21,2023
1040,18,29,0.06,2023
1041,18,21,0.0,2023
1042,18,19,3.94,2023
1043,18,22,1.07,2023
1044,18,20,0.03,2023
1045,18,24,,2023
1046,18,25,8.15,2023
1047,18,27,0.0,2023
1048,18,28,1.74,2023
1049,18,26,0.0,2023
1050,18,23,0.0,2023
1051,9,29,0.44,2014
1052,9,21,0.08,2014
1053,9,19,19.51,2014
1054,9,22,14.3,2014
1055,9,20,0.0,2014
1056,9,24,,2014
1057,9,25,35.24,2014
1058,9,27,0.0,2014
1059,9,28,5.4,2014
1060,9,26,0.0,2014
1061,9,23,0.17,2014
1062,9,29,0.43,2015
1063,9,21,0.08,2015
1064,9,19,19.95,2015
1065,9,22,13.64,2015
1066,9,20,0.0,2015
1067,9,24,,2015
1068,9,25,36.72,2015
1069,9,27,0.0,2015
1070,9,28,5.68,2015
1071,9,26,0.0,2015
1072,9,23,0.16,2015
1073,9,29,0.41,2016
1074,9,21,0.1,2016
1075,9,19,19.99,2016
1076,9,22,14.11,2016
1077,9,20,0.0,2016
1078,9,24,,2016
1079,9,25,37.95,2016
1080,9,27,0.0,2016
1081,9,28,5.61,2016
1082,9,26,0.0,2016
1083,9,23,0.21,2016
1084,9,29,0.48,2017
1085,9,21,0.09,2017
1086,9,19,20.56,2017
1087,9,22,14.29,2017
1088,9,20,0.0,2017
1089,9,24,,2017
1090,9,25,38.81,2017
1091,9,27,0.0,2017
1092,9,28,5.97,2017
1093,9,26,0.0,2017
1094,9,23,0.22,2017
1095,9,29,0.48,2018
1096,9,21,0.08,2018
1097,9,19,20.5,2018
1098,9,22,14.91,2018
1099,9,20,0.0,2018
1100,9,24,,2018
1101,9,25,39.54,2018
1102,9,27,0.0,2018
1103,9,28,6.53,2018
1104,9,26,0.0,2018
1105,9,23,0.23,2018
1106,9,29,0.37,2019
1107,9,21,0.07,2019
1108,9,19,20.17,2019
1109,9,22,15.15,2019
1110,9,20,0.0,2019
1111,9,24,,2019
1112,9,25,39.48,2019
1113,9,27,0.0,2019
1114,9,28,6.74,2019
1115,9,26,0.0,2019
1116,9,23,0.22,2019
1117,8,29,0.34,2020
1118,8,21,0.05,2020
1119,8,19,18.89,2020
1120,8,22,14.61,2020
1121,8,20,0.0,2020
1122,8,24,,2020
1123,8,25,32.56,2020
1124,8,27,0.0,2020
1125,8,28,6.47,2020
1126,8,26,0.0,2020
1127,8,23,0.19,2020
1128,8,29,0.39,2021
1129,8,21,0.09,2021
1130,8,19,19.59,2021
1131,8,22,15.52,2021
1132,8,20,0.0,2021
1133,8,24,,2021
1134,8,25,36.78,2021
1135,8,27,0.0,2021
1136,8,28,6.64,2021
1137,8,26,0.0,2021
1138,8,23,0.21,2021
1139,8,29,0.43,2022
1140,8,21,0.09,2022
1141,8,19,19.29,2022
1142,8,22,13.22,2022
1143,8,20,0.0,2022
1144,8,24,,2022
1145,8,25,38.53,2022
1146,8,27,0.0,2022
1147,8,28,6.87,2022
1148,8,26,0.0,2022
1149,8,23,0.21,2022
1150,7,29,0.37,2023
1151,7,21,0.08,2023
1152,7,19,19.15,2023
1153,7,22,12.85,2023
1154,7,20,0.0,2023
1155,7,24,,2023
1156,7,25,37.14,2023
1157,7,27,0.0,2023
1158,7,28,7.85,2023
1159,7,26,0.0,2023
1160,7,23,0.21,2023
1161,16,29,0.11,2014
1162,16,21,0.12,2014
1163,16,19,6.81,2014
1164,16,22,0.67,2014
1165,16,20,3.98,2014
1166,16,24,,2014
1167,16,25,6.02,2014
1168,16,27,0.24,2014
1169,16,28,5.41,2014
1170,16,26,0.0,2014
1171,16,23,0.06,2014
1172,17,29,0.11,2015
1173,17,21,0.13,2015
1174,17,19,6.75,2015
1175,17,22,0.62,2015
1176,17,20,3.83,2015
1177,17,24,,2015
1178,17,25,5.95,2015
1179,17,27,0.22,2015
1180,17,28,5.38,2015
1181,17,26,0.0,2015
1182,17,23,0.05,2015
1183,17,29,0.14,2016
1184,17,21,0.14,2016
1185,17,19,6.96,2016
1186,17,22,0.6,2016
1187,17,20,4.11,2016
1188,17,24,,2016
1189,17,25,6.39,2016
1190,17,27,0.21,2016
1191,17,28,5.41,2016
1192,17,26,0.0,2016
1193,17,23,0.05,2016
1194,17,29,0.14,2017
1195,17,21,0.12,2017
1196,17,19,6.97,2017
1197,17,22,0.66,2017
1198,17,20,4.03,2017
1199,17,24,,2017
1200,17,25,6.13,2017
1201,17,27,0.2,2017
1202,17,28,6.38,2017
1203,17,26,0.0,2017
1204,17,23,0.05,2017
1205,16,29,0.13,2018
1206,16,21,0.14,2018
1207,16,19,7.12,2018
1208,16,22,0.63,2018
1209,16,20,4.01,2018
1210,16,24,,2018
1211,16,25,6.13,2018
1212,16,27,0.22,2018
1213,16,28,6.59,2018
1214,16,26,0.0,2018
1215,16,23,0.05,2018
1216,16,29,0.12,2019
1217,16,21,0.14,2019
1218,16,19,6.99,2019
1219,16,22,0.71,2019
1220,16,20,3.92,2019
1221,16,24,,2019
1222,16,25,5.93,2019
1223,16,27,0.21,2019
1224,16,28,6.75,2019
1225,16,26,0.0,2019
1226,16,23,0.05,2019
1227,17,29,0.11,2020
1228,17,21,0.13,2020
1229,17,19,6.61,2020
1230,17,22,0.7,2020
1231,17,20,3.63,2020
1232,17,24,,2020
1233,17,25,5.59,2020
1234,17,27,0.15,2020
1235,17,28,6.28,2020
1236,17,26,0.0,2020
1237,17,23,0.05,2020
1238,16,29,0.12,2021
1239,16,21,0.14,2021
1240,16,19,7.06,2021
1241,16,22,0.77,2021
1242,16,20,4.13,2021
1243,16,24,,2021
1244,16,25,5.31,2021
1245,16,27,0.14,2021
1246,16,28,7.08,2021
1247,16,26,0.0,2021
1248,16,23,0.05,2021
1249,16,29,0.11,2022
1250,16,21,0.13,2022
1251,16,19,6.61,2022
1252,16,22,0.62,2022
1253,16,20,3.92,2022
1254,16,24,,2022
1255,16,25,5.26,2022
1256,16,27,0.1,2022
1257,16,28,6.35,2022
1258,16,26,0.0,2022
1259,16,23,0.06,2022
1260,15,29,0.06,2023
1261,15,21,0.12,2023
1262,15,19,6.38,2023
1263,15,22,0.55,2023
1264,15,20,3.89,2023
1265,15,24,,2023
1266,15,25,4.91,2023
1267,15,27,0.08,2023
1268,15,28,6.42,2023
1269,15,26,0.0,2023
1270,15,23,0.05,2023
1271,5,29,1.05,2014
1272,5,21,0.0,2014
1273,5,19,36.58,2014
1274,5,22,27.93,2014
1275,5,20,2.78,2014
1276,5,24,,2014
1277,5,25,56.79,2014
1278,5,27,0.0,2014
1279,5,28,12.72,2014
1280,5,26,0.0,2014
1281,5,23,0.43,2014
1282,5,29,1.11,2015
1283,5,21,0.0,2015
1284,5,19,37.41,2015
1285,5,22,28.66,2015
1286,5,20,3.1,2015
1287,5,24,,2015
1288,5,25,57.34,2015
1289,5,27,0.0,2015
1290,5,28,13.55,2015
1291,5,26,0.0,2015
1292,5,23,0.4,2015
1293,5,29,1.08,2016
1294,5,21,0.0,2016
1295,5,19,38.07,2016
1296,5,22,30.06,2016
1297,5,20,3.46,2016
1298,5,24,,2016
1299,5,25,56.55,2016
1300,5,27,0.0,2016
1301,5,28,14.6,2016
1302,5,26,0.0,2016
1303,5,23,0.46,2016
1304,5,29,1.12,2017
1305,5,21,0.0,2017
1306,5,19,37.78,2017
1307,5,22,29.26,2017
1308,5,20,3.59,2017
1309,5,24,,2017
1310,5,25,56.53,2017
1311,5,27,0.0,2017
1312,5,28,14.57,2017
1313,5,26,0.0,2017
1314,5,23,0.4,2017
1315,5,29,1.16,2018
1316,5,21,0.0,2018
1317,5,19,37.58,2018
1318,5,22,28.78,2018
1319,5,20,3.53,2018
1320,5,24,,2018
1321,5,25,55.08,2018
1322,5,27,0.0,2018
1323,5,28,14.79,2018
1324,5,26,0.0,2018
1325,5,23,0.43,2018
1326,5,29,0.95,2019
1327,5,21,0.0,2019
1328,5,19,37.12,2019
1329,5,22,28.26,2019
1330,5,20,3.71,2019
1331,5,24,,2019
1332,5,25,54.41,2019
1333,5,27,0.0,2019
1334,5,28,15.24,2019
1335,5,26,0.0,2019
1336,5,23,0.45,2019
1337,5,29,0.84,2020
1338,5,21,0.0,2020
1339,5,19,35.37,2020
1340,5,22,26.47,2020
1341,5,20,3.59,2020
1342,5,24,,2020
1343,5,25,47.6,2020
1344,5,27,0.0,2020
1345,5,28,14.14,2020
1346,5,26,0.0,2020
1347,5,23,0.38,2020
1348,5,29,0.97,2021
1349,5,21,0.0,2021
1350,5,19,37.22,2021
1351,5,22,28.86,2021
1352,5,20,4.13,2021
1353,5,24,,2021
1354,5,25,52.47,2021
1355,5,27,0.0,2021
1356,5,28,16.14,2021
1357,5,26,0.0,2021
1358,5,23,0.48,2021
1359,5,29,0.7,2022
1360,5,21,0.0,2022
1361,5,19,35.68,2022
1362,5,22,24.69,2022
1363,5,20,3.96,2022
1364,5,24,,2022
1365,5,25,52.65,2022
1366,5,27,0.0,2022
1367,5,28,15.92,2022
1368,5,26,0.0,2022
1369,5,23,0.53,2022
1370,5,29,0.58,2023
1371,5,21,0.0,2023
1372,5,19,34.35,2023
1373,5,22,22.61,2023
1374,5,20,3.59,2023
1375,5,24,,2023
1376,5,25,50.53,2023
1377,5,27,0.0,2023
1378,5,28,16.65,2023
1379,5,26,0.0,2023
1380,5,23,0.49,2023
1381,18,29,0.12,2021
1382,18,21,0.04,2021
1383,18,19,3.59,2021
1384,18,22,6.08,2021
1385,18,20,1.06,2021
1386,18,24,,2021
1387,18,25,5.71,2021
1388,18,27,0.0,2021
1389,18,28,2.05,2021
1390,18,26,0.0,2021
1391,18,23,0.14,2021
1392,18,29,0.12,2022
1393,18,21,0.01,2022
1394,18,19,3.55,2022
1395,18,22,5.2,2022
1396,18,20,0.96,2022
1397,18,24,,2022
1398,18,25,5.92,2022
1399,18,27,0.0,2022
1400,18,28,2.07,2022
1401,18,26,0.0,2022
1402,18,23,0.11,2022
1403,16,29,0.08,2023
1404,16,21,0.0,2023
1405,16,19,3.45,2023
1406,16,22,4.51,2023
1407,16,20,0.86,2023
1408,16,24,,2023
1409,16,25,5.5,2023
1410,16,27,0.0,2023
1411,16,28,2.04,2023
1412,16,26,0.0,2023
1413,16,23,0.09,2023
1414,7,29,0.74,2014
1415,7,21,0.28,2014
1416,7,19,24.2,2014
1417,7,22,30.9,2014
1418,7,20,3.75,2014
1419,7,24,,2014
1420,7,25,41.25,2014
1421,7,27,0.0,2014
1422,7,28,7.45,2014
1423,7,26,0.0,2014
1424,7,23,0.27,2014
1425,7,29,0.54,2015
1426,7,21,0.21,2015
1427,7,19,24.72,2015
1428,7,22,32.98,2015
1429,7,20,3.85,2015
1430,7,24,,2015
1431,7,25,41.17,2015
1432,7,27,0.0,2015
1433,7,28,8.36,2015
1434,7,26,0.0,2015
1435,7,23,0.27,2015
1436,7,29,0.69,2016
1437,7,21,0.23,2016
1438,7,19,24.59,2016
1439,7,22,33.24,2016
1440,7,20,3.95,2016
1441,7,24,,2016
1442,7,25,40.53,2016
1443,7,27,0.0,2016
1444,7,28,8.04,2016
1445,7,26,0.0,2016
1446,7,23,0.28,2016
1447,7,29,0.49,2017
1448,7,21,0.16,2017
1449,7,19,25.1,2017
1450,7,22,33.92,2017
1451,7,20,4.11,2017
1452,7,24,,2017
1453,7,25,38.27,2017
1454,7,27,0.0,2017
1455,7,28,11.31,2017
1456,7,26,0.0,2017
1457,7,23,0.25,2017
1458,7,29,0.62,2018
1459,7,21,0.13,2018
1460,7,19,25.2,2018
1461,7,22,33.63,2018
1462,7,20,4.1,2018
1463,7,24,,2018
1464,7,25,39.4,2018
1465,7,27,0.0,2018
1466,7,28,10.96,2018
1467,7,26,0.0,2018
1468,7,23,0.25,2018
1469,7,29,0.6,2019
1470,7,21,0.11,2019
1471,7,19,25.1,2019
1472,7,22,33.04,2019
1473,7,20,4.15,2019
1474,7,24,,2019
1475,7,25,38.92,2019
1476,7,27,0.0,2019
1477,7,28,10.91,2019
1478,7,26,0.0,2019
1479,7,23,0.28,2019
1480,6,29,0.41,2020
1481,6,21,0.1,2020
1482,6,19,23.66,2020
1483,6,22,31.81,2020
1484,6,20,3.88,2020
1485,6,24,,2020
1486,6,25,32.23,2020
1487,6,27,0.0,2020
1488,6,28,10.66,2020
1489,6,26,0.0,2020
1490,6,23,0.31,2020
1491,6,29,0.3,2021
1492,6,21,0.1,2021
1493,6,19,25.12,2021
1494,6,22,36.59,2021
1495,6,20,1.55,2021
1496,6,24,,2021
1497,6,25,38.91,2021
1498,6,27,0.0,2021
1499,6,28,11.87,2021
1500,6,26,0.0,2021
1501,6,23,0.29,2021
1502,6,29,0.31,2022
1503,6,21,0.09,2022
1504,6,19,24.68,2022
1505,6,22,31.57,2022
1506,6,20,1.49,2022
1507,6,24,,2022
1508,6,25,40.99,2022
1509,6,27,0.0,2022
1510,6,28,11.35,2022
1511,6,26,0.0,2022
1512,6,23,0.3,2022
1513,6,29,0.3,2023
1514,6,21,0.06,2023
1515,6,19,23.98,2023
1516,6,22,29.47,2023
1517,6,20,1.43,2023
1518,6,24,,2023
1519,6,25,41.49,2023
1520,6,27,0.0,2023
1521,6,28,11.42,2023
1522,6,26,0.0,2023
1523,6,23,0.31,2023
1524,12,29,0.08,2014
1525,12,21,0.2,2014
1526,12,19,8.73,2014
1527,12,22,15.99,2014
1528,12,20,2.61,2014
1529,12,24,,2014
1530,12,25,13.38,2014
1531,12,27,0.0,2014
1532,12,28,1.31,2014
1533,12,26,0.0,2014
1534,12,23,0.04,2014
1535,12,29,0.19,2015
1536,12,21,0.22,2015
1537,12,19,8.91,2015
1538,12,22,16.96,2015
1539,12,20,2.27,2015
1540,12,24,,2015
1541,12,25,13.5,2015
1542,12,27,0.0,2015
1543,12,28,1.3,2015
1544,12,26,0.0,2015
1545,12,23,0.05,2015
1546,12,29,0.24,2016
1547,12,21,0.22,2016
1548,12,19,8.99,2016
1549,12,22,17.51,2016
1550,12,20,2.2,2016
1551,12,24,,2016
1552,12,25,13.85,2016
1553,12,27,0.0,2016
1554,12,28,1.27,2016
1555,12,26,0.0,2016
1556,12,23,0.06,2016
1557,12,29,0.25,2017
1558,12,21,0.24,2017
1559,12,19,9.08,2017
1560,12,22,17.37,2017
1561,12,20,2.09,2017
1562,12,24,,2017
1563,12,25,14.02,2017
1564,12,27,0.0,2017
1565,12,28,1.42,2017
1566,12,26,0.0,2017
1567,12,23,0.06,2017
1568,12,29,0.24,2018
1569,12,21,0.21,2018
1570,12,19,9.26,2018
1571,12,22,17.22,2018
1572,12,20,2.0,2018
1573,12,24,,2018
1574,12,25,14.09,2018
1575,12,27,0.0,2018
1576,12,28,1.77,2018
1577,12,26,0.0,2018
1578,12,23,0.06,2018
1579,12,29,0.21,2019
1580,12,21,0.18,2019
1581,12,19,9.24,2019
1582,12,22,16.65,2019
1583,12,20,2.08,2019
1584,12,24,,2019
1585,12,25,13.67,2019
1586,12,27,0.0,2019
1587,12,28,1.99,2019
1588,12,26,0.0,2019
1589,12,23,0.06,2019
1590,11,29,0.17,2020
1591,11,21,0.19,2020
1592,11,19,9.14,2020
1593,11,22,15.93,2020
1594,11,20,1.9,2020
1595,11,24,,2020
1596,11,25,12.5,2020
1597,11,27,0.0,2020
1598,11,28,1.99,2020
1599,11,26,0.0,2020
1600,11,23,0.05,2020
1601,10,29,0.14,2021
1602,10,21,0.22,2021
1603,10,19,9.22,2021
1604,10,22,17.15,2021
1605,10,20,2.01,2021
1606,10,24,,2021
1607,10,25,12.35,2021
1608,10,27,0.0,2021
1609,10,28,2.14,2021
1610,10,26,0.0,2021
1611,10,23,0.04,2021
1612,10,29,0.12,2022
1613,10,21,0.3,2022
1614,10,19,8.92,2022
1615,10,22,13.87,2022
1616,10,20,1.85,2022
1617,10,24,,2022
1618,10,25,12.12,2022
1619,10,27,0.0,2022
1620,10,28,2.16,2022
1621,10,26,0.0,2022
1622,10,23,0.04,2022
1623,9,29,0.1,2023
1624,9,21,0.27,2023
1625,9,19,8.75,2023
1626,9,22,12.74,2023
1627,9,20,1.64,2023
1628,9,24,,2023
1629,9,25,12.46,2023
1630,9,27,0.0,2023
1631,9,28,2.18,2023
1632,9,26,0.0,2023
1633,9,23,0.05,2023
1634,18,29,0.52,2020
1635,18,21,0.05,2020
1636,18,19,9.99,2020
1637,18,22,0.38,2020
1638,18,20,0.46,2020
1639,18,24,,2020
1640,18,25,5.83,2020
1641,18,27,0.0,2020
1642,18,28,2.11,2020
1643,18,26,0.0,2020
1644,18,23,0.1,2020
1645,17,29,0.56,2021
1646,17,21,0.06,2021
1647,17,19,10.51,2021
1648,17,22,0.4,2021
1649,17,20,0.56,2021
1650,17,24,,2021
1651,17,25,5.99,2021
1652,17,27,0.0,2021
1653,17,28,2.24,2021
1654,17,26,0.0,2021
1655,17,23,0.1,2021
1656,17,29,0.5,2022
1657,17,21,0.07,2022
1658,17,19,9.89,2022
1659,17,22,0.38,2022
1660,17,20,0.53,2022
1661,17,24,,2022
1662,17,25,6.06,2022
1663,17,27,0.0,2022
1664,17,28,2.29,2022
1665,17,26,0.0,2022
1666,17,23,0.1,2022
1667,10,29,11.15,2014
1668,10,21,0.6,2014
1669,10,19,10.78,2014
1670,10,22,8.35,2014
1671,10,20,5.45,2014
1672,10,24,,2014
1673,10,25,17.98,2014
1674,10,27,0.0,2014
1675,10,28,5.41,2014
1676,10,26,0.0,2014
1677,10,23,0.5,2014
1678,10,29,10.73,2015
1679,10,21,0.49,2015
1680,10,19,10.99,2015
1681,10,22,8.49,2015
1682,10,20,5.46,2015
1683,10,24,,2015
1684,10,25,18.65,2015
1685,10,27,0.0,2015
1686,10,28,5.57,2015
1687,10,26,0.0,2015
1688,10,23,0.49,2015
1689,10,29,11.1,2016
1690,10,21,0.46,2016
1691,10,19,11.42,2016
1692,10,22,9.23,2016
1693,10,20,5.67,2016
1694,10,24,,2016
1695,10,25,20.94,2016
1696,10,27,0.0,2016
1697,10,28,5.68,2016
1698,10,26,0.0,2016
1699,10,23,0.64,2016
1700,10,29,11.25,2017
1701,10,21,0.5,2017
1702,10,19,11.68,2017
1703,10,22,9.17,2017
1704,10,20,5.82,2017
1705,10,24,,2017
1706,10,25,24.13,2017
1707,10,27,0.0,2017
1708,10,28,5.95,2017
1709,10,26,0.0,2017
1710,10,23,0.72,2017
1711,10,29,10.67,2018
1712,10,21,0.47,2018
1713,10,19,12.08,2018
1714,10,22,9.24,2018
1715,10,20,5.6,2018
1716,10,24,,2018
1717,10,25,24.84,2018
1718,10,27,0.0,2018
1719,10,28,9.35,2018
1720,10,26,0.0,2018
1721,10,23,0.81,2018
1722,10,29,9.0,2019
1723,10,21,0.45,2019
1724,10,19,12.07,2019
1725,10,22,9.29,2019
1726,10,20,5.58,2019
1727,10,24,,2019
1728,10,25,25.43,2019
1729,10,27,0.0,2019
1730,10,28,9.22,2019
1731,10,26,0.0,2019
1732,10,23,0.82,2019
1733,9,29,8.96,2020
1734,9,21,0.39,2020
1735,9,19,11.81,2020
1736,9,22,9.18,2020
1737,9,20,5.6,2020
1738,9,24,,2020
1739,9,25,24.38,2020
1740,9,27,0.0,2020
1741,9,28,9.04,2020
1742,9,26,0.0,2020
1743,9,23,0.81,2020
1744,9,29,8.69,2021
1745,9,21,0.44,2021
1746,9,19,12.35,2021
1747,9,22,10.75,2021
1748,9,20,5.97,2021
1749,9,24,,2021
1750,9,25,26.18,2021
1751,9,27,0.0,2021
1752,9,28,9.01,2021
1753,9,26,0.0,2021
1754,9,23,0.77,2021
1755,9,29,7.27,2022
1756,9,21,0.38,2022
1757,9,19,12.03,2022
1758,9,22,9.64,2022
1759,9,20,5.63,2022
1760,9,24,,2022
1761,9,25,26.29,2022
1762,9,27,0.0,2022
1763,9,28,9.05,2022
1764,9,26,0.0,2022
1765,9,23,0.78,2022
1766,8,29,6.76,2023
1767,8,21,0.33,2023
1768,8,19,11.46,2023
1769,8,22,9.7,2023
1770,8,20,5.2,2023
1771,8,24,,2023
1772,8,25,26.43,2023
1773,8,27,0.0,2023
1774,8,28,8.69,2023
1775,8,26,0.0,2023
1776,8,23,0.74,2023
1777,17,29,0.0,2023
1778,17,21,0.0,2023
1779,17,19,4.26,2023
1780,17,22,1.64,2023
1781,17,20,0.1,2023
1782,17,24,,2023
1783,17,25,7.16,2023
1784,17,27,0.0,2023
1785,17,28,3.21,2023
1786,17,26,0.0,2023
1787,17,23,0.09,2023
1788,18,29,0.67,2014
1789,18,21,0.17,2014
1790,18,19,3.6,2014
1791,18,22,5.47,2014
1792,18,20,1.27,2014
1793,18,24,,2014
1794,18,25,6.59,2014
1795,18,27,0.01,2014
1796,18,28,3.62,2014
1797,18,26,0.0,2014
1798,18,23,0.07,2014
1799,18,29,0.78,2015
1800,18,21,0.17,2015
1801,18,19,3.7,2015
1802,18,22,5.3,2015
1803,18,20,1.27,2015
1804,18,24,,2015
1805,18,25,6.77,2015
1806,18,27,0.01,2015
1807,18,28,3.53,2015
1808,18,26,0.0,2015
1809,18,23,0.07,2015
1810,18,29,0.73,2016
1811,18,21,0.16,2016
1812,18,19,3.72,2016
1813,18,22,5.2,2016
1814,18,20,1.28,2016
1815,18,24,,2016
1816,18,25,7.07,2016
1817,18,27,0.01,2016
1818,18,28,3.68,2016
1819,18,26,0.0,2016
1820,18,23,0.08,2016
1821,18,29,0.63,2017
1822,18,21,0.15,2017
1823,18,19,3.84,2017
1824,18,22,5.64,2017
1825,18,20,1.26,2017
1826,18,24,,2017
1827,18,25,7.57,2017
1828,18,27,0.01,2017
1829,18,28,3.78,2017
1830,18,26,0.0,2017
1831,18,23,0.09,2017
1832,18,29,0.62,2018
1833,18,21,0.15,2018
1834,18,19,3.92,2018
1835,18,22,5.76,2018
1836,18,20,1.24,2018
1837,18,24,,2018
1838,18,25,7.88,2018
1839,18,27,0.01,2018
1840,18,28,3.7,2018
1841,18,26,0.0,2018
1842,18,23,0.17,2018
1843,18,29,0.66,2019
1844,18,21,0.15,2019
1845,18,19,3.92,2019
1846,18,22,5.63,2019
1847,18,20,1.1,2019
1848,18,24,,2019
1849,18,25,8.26,2019
1850,18,27,0.01,2019
1851,18,28,3.83,2019
1852,18,26,0.0,2019
1853,18,23,0.15,2019
1854,16,29,0.6,2020
1855,16,21,0.15,2020
1856,16,19,3.79,2020
1857,16,22,5.85,2020
1858,16,20,1.02,2020
1859,16,24,,2020
1860,16,25,7.93,2020
1861,16,27,0.02,2020
1862,16,28,3.85,2020
1863,16,26,0.0,2020
1864,16,23,0.28,2020
1865,15,29,0.73,2021
1866,15,21,0.15,2021
1867,15,19,3.96,2021
1868,15,22,6.55,2021
1869,15,20,1.04,2021
1870,15,24,,2021
1871,15,25,8.45,2021
1872,15,27,0.02,2021
1873,15,28,4.06,2021
1874,15,26,0.0,2021
1875,15,23,0.32,2021
1876,15,29,0.55,2022
1877,15,21,0.12,2022
1878,15,19,3.67,2022
1879,15,22,5.38,2022
1880,15,20,0.9,2022
1881,15,24,,2022
1882,15,25,9.0,2022
1883,15,27,0.02,2022
1884,15,28,3.94,2022
1885,15,26,0.0,2022
1886,15,23,0.33,2022
1887,13,29,0.32,2023
1888,13,21,0.06,2023
1889,13,19,3.56,2023
1890,13,22,5.0,2023
1891,13,20,0.84,2023
1892,13,24,,2023
1893,13,25,9.35,2023
1894,13,27,0.01,2023
1895,13,28,3.83,2023
1896,13,26,0.0,2023
1897,13,23,0.33,2023
1898,14,29,0.37,2014
1899,14,21,0.17,2014
1900,14,19,10.51,2014
1901,14,22,0.53,2014
1902,14,20,4.17,2014
1903,14,24,,2014
1904,14,25,7.97,2014
1905,14,27,0.01,2014
1906,14,28,7.2,2014
1907,14,26,0.0,2014
1908,14,23,0.0,2014
1909,14,29,0.39,2015
1910,14,21,0.17,2015
1911,14,19,10.74,2015
1912,14,22,0.57,2015
1913,14,20,4.19,2015
1914,14,24,,2015
1915,14,25,7.9,2015
1916,14,27,0.0,2015
1917,14,28,7.55,2015
1918,14,26,0.0,2015
1919,14,23,0.0,2015
1920,14,29,0.37,2016
1921,14,21,0.18,2016
1922,14,19,10.96,2016
1923,14,22,0.46,2016
1924,14,20,4.43,2016
1925,14,24,,2016
1926,14,25,7.62,2016
1927,14,27,0.0,2016
1928,14,28,8.0,2016
1929,14,26,0.0,2016
1930,14,23,0.0,2016
1931,14,29,0.37,2017
1932,14,21,0.18,2017
1933,14,19,10.94,2017
1934,14,22,0.36,2017
1935,14,20,4.37,2017
1936,14,24,,2017
1937,14,25,7.42,2017
1938,14,27,0.0,2017
1939,14,28,8.2,2017
1940,14,26,0.0,2017
1941,14,23,0.0,2017
1942,14,29,0.37,2018
1943,14,21,0.17,2018
1944,14,19,10.97,2018
1945,14,22,0.46,2018
1946,14,20,4.39,2018
1947,14,24,,2018
1948,14,25,7.13,2018
1949,14,27,0.0,2018
1950,14,28,8.24,2018
1951,14,26,0.0,2018
1952,14,23,0.0,2018
1953,14,29,0.35,2019
1954,14,21,0.18,2019
1955,14,19,10.71,2019
1956,14,22,0.48,2019
1957,14,20,4.33,2019
1958,14,24,,2019
1959,14,25,7.05,2019
1960,14,27,0.0,2019
1961,14,28,8.21,2019
1962,14,26,0.0,2019
1963,14,23,0.0,2019
1964,13,29,0.29,2020
1965,13,21,0.17,2020
1966,13,19,10.57,2020
1967,13,22,0.47,2020
1968,13,20,4.08,2020
1969,13,24,,2020
1970,13,25,6.51,2020
1971,13,27,0.0,2020
1972,13,28,8.83,2020
1973,13,26,0.0,2020
1974,13,23,0.09,2020
1975,12,29,0.32,2021
1976,12,21,0.16,2021
1977,12,19,10.97,2021
1978,12,22,0.46,2021
1979,12,20,4.69,2021
1980,12,24,,2021
1981,12,25,6.63,2021
1982,12,27,0.0,2021
1983,12,28,8.83,2021
1984,12,26,0.0,2021
1985,12,23,0.09,2021
1986,12,29,0.33,2022
1987,12,21,0.17,2022
1988,12,19,10.51,2022
1989,12,22,0.39,2022
1990,12,20,4.41,2022
1991,12,24,,2022
1992,12,25,6.0,2022
1993,12,27,0.0,2022
1994,12,28,9.17,2022
1995,12,26,0.0,2022
1996,12,23,0.09,2022
1997,10,29,0.3,2023
1998,10,21,0.17,2023
1999,10,19,10.35,2023
2000,10,22,0.31,2023
2001,10,20,4.6,2023
2002,10,24,,2023
2003,10,25,6.0,2023
2004,10,27,0.0,2023
2005,10,28,9.37,2023
2006,10,26,0.0,2023
2007,10,23,0.09,2023
2008,8,29,10.76,2014
2009,8,21,0.44,2014
2010,8,19,17.66,2014
2011,8,22,19.41,2014
2012,8,20,1.16,2014
2013,8,24,,2014
2014,8,25,25.86,2014
2015,8,27,0.0,2014
2016,8,28,5.55,2014
2017,8,26,0.0,2014
2018,8,23,0.0,2014
2019,8,29,11.4,2015
2020,8,21,0.51,2015
2021,8,19,18.44,2015
2022,8,22,21.15,2015
2023,8,20,0.99,2015
2024,8,24,,2015
2025,8,25,28.67,2015
2026,8,27,0.0,2015
2027,8,28,5.67,2015
2028,8,26,0.0,2015
2029,8,23,0.0,2015
2030,8,29,11.95,2016
2031,8,21,0.46,2016
2032,8,19,19.62,2016
2033,8,22,21.15,2016
2034,8,20,0.93,2016
2035,8,24,,2016
2036,8,25,30.77,2016
2037,8,27,0.0,2016
2038,8,28,5.44,2016
2039,8,26,0.0,2016
2040,8,23,0.0,2016
2041,8,29,11.79,2017
2042,8,21,0.31,2017
2043,8,19,21.14,2017
2044,8,22,24.76,2017
2045,8,20,1.03,2017
2046,8,24,,2017
2047,8,25,36.22,2017
2048,8,27,0.0,2017
2049,8,28,5.21,2017
2050,8,26,0.0,2017
2051,8,23,0.0,2017
2052,8,29,9.66,2018
2053,8,21,0.36,2018
2054,8,19,21.92,2018
2055,8,22,24.06,2018
2056,8,20,0.99,2018
2057,8,24,,2018
2058,8,25,36.24,2018
2059,8,27,0.0,2018
2060,8,28,4.57,2018
2061,8,26,0.0,2018
2062,8,23,0.83,2018
2063,8,29,10.03,2019
2064,8,21,0.29,2019
2065,8,19,21.77,2019
2066,8,22,25.37,2019
2067,8,20,1.03,2019
2068,8,24,,2019
2069,8,25,35.29,2019
2070,8,27,0.0,2019
2071,8,28,4.45,2019
2072,8,26,0.0,2019
2073,8,23,0.87,2019
2074,7,29,11.47,2020
2075,7,21,0.42,2020
2076,7,19,22.25,2020
2077,7,22,25.98,2020
2078,7,20,1.09,2020
2079,7,24,,2020
2080,7,25,34.56,2020
2081,7,27,0.0,2020
2082,7,28,4.46,2020
2083,7,26,0.0,2020
2084,7,23,0.91,2020
2085,7,29,12.28,2021
2086,7,21,0.58,2021
2087,7,19,24.3,2021
2088,7,22,29.03,2021
2089,7,20,1.04,2021
2090,7,24,,2021
2091,7,25,37.04,2021
2092,7,27,0.0,2021
2093,7,28,4.46,2021
2094,7,26,0.0,2021
2095,7,23,1.08,2021
2096,7,29,8.47,2022
2097,7,21,0.56,2022
2098,7,19,24.27,2022
2099,7,22,29.07,2022
2100,7,20,0.94,2022
2101,7,24,,2022
2102,7,25,37.49,2022
2103,7,27,0.0,2022
2104,7,28,4.53,2022
2105,7,26,0.0,2022
2106,7,23,1.13,2022
2107,11,29,6.06,2014
2108,11,21,2.67,2014
2109,11,19,11.04,2014
2110,11,22,18.32,2014
2111,11,20,8.93,2014
2112,11,24,,2014
2113,11,25,9.64,2014
2114,11,27,0.02,2014
2115,11,28,1.2,2014
2116,11,26,0.0,2014
2117,11,23,0.0,2014
2118,11,29,3.7,2015
2119,11,21,2.17,2015
2120,11,19,10.23,2015
2121,11,22,13.8,2015
2122,11,20,7.53,2015
2123,11,24,,2015
2124,11,25,8.73,2015
2125,11,27,0.05,2015
2126,11,28,1.28,2015
2127,11,26,0.0,2015
2128,11,23,0.0,2015
2129,11,29,3.48,2016
2130,11,21,2.28,2016
2131,11,19,10.1,2016
2132,11,22,13.9,2016
2133,11,20,8.34,2016
2134,11,24,,2016
2135,11,25,8.95,2016
2136,11,27,0.06,2016
2137,11,28,1.72,2016
2138,11,26,0.0,2016
2139,11,23,0.0,2016
2140,11,29,2.87,2017
2141,11,21,1.76,2017
2142,11,19,10.09,2017
2143,11,22,13.8,2017
2144,11,20,7.84,2017
2145,11,24,,2017
2146,11,25,9.03,2017
2147,11,27,0.12,2017
2148,11,28,1.83,2017
2149,11,26,0.0,2017
2150,11,23,0.0,2017
2151,11,29,3.97,2018
2152,11,21,1.8,2018
2153,11,19,10.2,2018
2154,11,22,13.72,2018
2155,11,20,7.52,2018
2156,11,24,,2018
2157,11,25,9.15,2018
2158,11,27,0.11,2018
2159,11,28,1.95,2018
2160,11,26,0.0,2018
2161,11,23,0.0,2018
2162,11,29,3.89,2019
2163,11,21,1.78,2019
2164,11,19,10.03,2019
2165,11,22,12.02,2019
2166,11,20,7.18,2019
2167,11,24,,2019
2168,11,25,9.76,2019
2169,11,27,0.14,2019
2170,11,28,2.09,2019
2171,11,26,0.0,2019
2172,11,23,0.0,2019
2173,10,29,3.7,2020
2174,10,21,1.71,2020
2175,10,19,9.76,2020
2176,10,22,11.01,2020
2177,10,20,7.18,2020
2178,10,24,,2020
2179,10,25,8.61,2020
2180,10,27,0.04,2020
2181,10,28,2.08,2020
2182,10,26,0.0,2020
2183,10,23,0.1,2020
2184,6,29,2.63,2014
2185,6,21,0.08,2014
2186,6,19,26.05,2014
2187,6,22,36.38,2014
2188,6,20,1.15,2014
2189,6,24,,2014
2190,6,25,46.44,2014
2191,6,27,0.0,2014
2192,6,28,3.71,2014
2193,6,26,0.0,2014
2194,6,23,0.14,2014
2195,6,29,2.3,2015
2196,6,21,0.11,2015
2197,6,19,26.1,2015
2198,6,22,37.7,2015
2199,6,20,1.24,2015
2200,6,24,,2015
2201,6,25,47.76,2015
2202,6,27,0.0,2015
2203,6,28,4.75,2015
2204,6,26,0.0,2015
2205,6,23,0.11,2015
2206,6,29,2.04,2016
2207,6,21,0.08,2016
2208,6,19,26.15,2016
2209,6,22,38.66,2016
2210,6,20,1.24,2016
2211,6,24,,2016
2212,6,25,48.64,2016
2213,6,27,0.0,2016
2214,6,28,4.97,2016
2215,6,26,0.0,2016
2216,6,23,0.1,2016
2217,6,29,1.87,2017
2218,6,21,0.08,2017
2219,6,19,25.77,2017
2220,6,22,37.81,2017
2221,6,20,1.27,2017
2222,6,24,,2017
2223,6,25,49.02,2017
2224,6,27,0.0,2017
2225,6,28,5.0,2017
2226,6,26,0.0,2017
2227,6,23,0.13,2017
2228,6,29,1.7,2018
2229,6,21,0.07,2018
2230,6,19,25.84,2018
2231,6,22,39.47,2018
2232,6,20,1.27,2018
2233,6,24,,2018
2234,6,25,48.39,2018
2235,6,27,0.0,2018
2236,6,28,5.71,2018
2237,6,26,0.0,2018
2238,6,23,0.13,2018
2239,6,29,1.57,2019
2240,6,21,0.1,2019
2241,6,19,25.4,2019
2242,6,22,39.31,2019
2243,6,20,1.24,2019
2244,6,24,,2019
2245,6,25,47.46,2019
2246,6,27,0.0,2019
2247,6,28,6.2,2019
2248,6,26,0.0,2019
2249,6,23,0.13,2019
